{
  "project_info": {
    "project_number": "620456090581",
    "firebase_url": "https://wastenone-1bffb.firebaseio.com",
    "project_id": "wastenone-1bffb",
    "storage_bucket": "wastenone-1bffb.appspot.com"
  },
  "client": [
    {
      "client_info": {
        "mobilesdk_app_id": "1:620456090581:android:f82a8a5897f8c7ab97bb5c",
        "android_client_info": {
          "package_name": "com.example.waste_none_app"
        }
      },
      "oauth_client": [
        {
          "client_id": "620456090581-363rmtqlgeo59nrlfpontfp6a8o2gur3.apps.googleusercontent.com",
          "client_type": 1,
          "android_info": {
            "package_name": "com.example.waste_none_app",
            "certificate_hash": "45ba22255148946e4ac3f5bd2287cf2f3bb52fc7"
          }
        },
        {
          "client_id": "620456090581-cjln4gesqe6lu5u4b3obbcr3kqp5pis3.apps.googleusercontent.com",
          "client_type": 3
        }
      ],
      "api_key": [
        {
          "current_key": "AIzaSyCfqJk2Nrbxmc5Tfod0evizstO-BRNqg-M"
        }
      ],
      "services": {
        "appinvite_service": {
          "other_platform_oauth_client": [
            {
              "client_id": "620456090581-cjln4gesqe6lu5u4b3obbcr3kqp5pis3.apps.googleusercontent.com",
              "client_type": 3
            }
          ]
        }
      }
    }
  ],
  "configuration_version": "1"
}